{
  "n_clusters": 3,
  "silhouette": 0.5367907882082029,
  "calinski_harabasz": 366.9813626140546,
  "inertia": 447.2524746176819,
  "cluster_sizes": {
    "0": 165,
    "1": 183,
    "2": 1
  },
  "timestamp": "2025-06-04 19:31:18"
}