{
  "n_clusters": 4,
  "silhouette": 0.4345932948216683,
  "calinski_harabasz": 440.7209664255625,
  "inertia": 288.88598802082964,
  "cluster_sizes": {
    "0": 121,
    "1": 138,
    "2": 1,
    "3": 89
  },
  "timestamp": "2025-06-06 10:41:40"
}