{
  "n_clusters": 5,
  "silhouette": 0.37518290582230174,
  "calinski_harabasz": 454.7888401869434,
  "inertia": 222.00162321179695,
  "cluster_sizes": {
    "0": 94,
    "1": 95,
    "2": 1,
    "3": 68,
    "4": 91
  },
  "timestamp": "2025-06-06 21:45:51"
}